{
  "snr_noisy_db": 0.19381746002746367,
  "snr_filtered_db": 12.004758711343497,
  "improvement_db": 11.810941251316033
}